-- MySQL dump 10.13  Distrib 5.5.62, for Win64 (AMD64)
--
-- Host: localhost    Database: im
-- ------------------------------------------------------
-- Server version	5.7.34

/*!40101 SET @OLD_CHARACTER_SET_CLIENT=@@CHARACTER_SET_CLIENT */;
/*!40101 SET @OLD_CHARACTER_SET_RESULTS=@@CHARACTER_SET_RESULTS */;
/*!40101 SET @OLD_COLLATION_CONNECTION=@@COLLATION_CONNECTION */;
/*!40101 SET NAMES utf8 */;
/*!40103 SET @OLD_TIME_ZONE=@@TIME_ZONE */;
/*!40103 SET TIME_ZONE='+00:00' */;
/*!40014 SET @OLD_UNIQUE_CHECKS=@@UNIQUE_CHECKS, UNIQUE_CHECKS=0 */;
/*!40014 SET @OLD_FOREIGN_KEY_CHECKS=@@FOREIGN_KEY_CHECKS, FOREIGN_KEY_CHECKS=0 */;
/*!40101 SET @OLD_SQL_MODE=@@SQL_MODE, SQL_MODE='NO_AUTO_VALUE_ON_ZERO' */;
/*!40111 SET @OLD_SQL_NOTES=@@SQL_NOTES, SQL_NOTES=0 */;

--
-- Table structure for table `contacts_add_record`
--

DROP TABLE IF EXISTS `contacts_add_record`;
/*!40101 SET @saved_cs_client     = @@character_set_client */;
/*!40101 SET character_set_client = utf8 */;
CREATE TABLE `contacts_add_record` (
  `record_id` varchar(36) NOT NULL,
  `send_uid` varchar(36) CHARACTER SET utf8 NOT NULL,
  `accept_uid` varchar(36) CHARACTER SET utf8 NOT NULL,
  `remarks` varchar(255) CHARACTER SET utf8 DEFAULT NULL,
  `status` enum('pending','agree','refuse','ignore') CHARACTER SET utf8 DEFAULT NULL,
  `created_at` datetime DEFAULT NULL,
  `updated_at` datetime DEFAULT NULL,
  PRIMARY KEY (`record_id`)
) ENGINE=InnoDB DEFAULT CHARSET=utf8mb4 COMMENT='好友申请表';
/*!40101 SET character_set_client = @saved_cs_client */;

--
-- Dumping data for table `contacts_add_record`
--

LOCK TABLES `contacts_add_record` WRITE;
/*!40000 ALTER TABLE `contacts_add_record` DISABLE KEYS */;
INSERT INTO `contacts_add_record` VALUES ('16292737636040','261069149919252481','260434635031330817','hello','agree','2021-08-18 16:02:43','2021-08-18 16:46:37');
/*!40000 ALTER TABLE `contacts_add_record` ENABLE KEYS */;
UNLOCK TABLES;

--
-- Table structure for table `contacts_friend`
--

DROP TABLE IF EXISTS `contacts_friend`;
/*!40101 SET @saved_cs_client     = @@character_set_client */;
/*!40101 SET character_set_client = utf8 */;
CREATE TABLE `contacts_friend` (
  `id` int(11) NOT NULL AUTO_INCREMENT,
  `main_uid` varchar(32) CHARACTER SET utf8 NOT NULL COMMENT '我的uid',
  `friend_uid` varchar(32) CHARACTER SET utf8 NOT NULL COMMENT '朋友uid',
  `created_at` datetime NOT NULL COMMENT '创建时间',
  `updated_at` datetime DEFAULT NULL,
  PRIMARY KEY (`id`)
) ENGINE=InnoDB AUTO_INCREMENT=23 DEFAULT CHARSET=utf8mb4;
/*!40101 SET character_set_client = @saved_cs_client */;

--
-- Dumping data for table `contacts_friend`
--

LOCK TABLES `contacts_friend` WRITE;
/*!40000 ALTER TABLE `contacts_friend` DISABLE KEYS */;
INSERT INTO `contacts_friend` VALUES (21,'261069149919252481','260434635031330817','2021-08-18 16:46:37','2021-08-18 16:46:37'),(22,'260434635031330817','261069149919252481','2021-08-18 16:46:37','2021-08-18 16:46:37');
/*!40000 ALTER TABLE `contacts_friend` ENABLE KEYS */;
UNLOCK TABLES;

--
-- Table structure for table `contacts_recent`
--

DROP TABLE IF EXISTS `contacts_recent`;
/*!40101 SET @saved_cs_client     = @@character_set_client */;
/*!40101 SET character_set_client = utf8 */;
CREATE TABLE `contacts_recent` (
  `send_uid` varchar(36) CHARACTER SET utf8 NOT NULL,
  `accept_uid` varchar(36) CHARACTER SET utf8 DEFAULT NULL,
  `content_id` int(11) DEFAULT NULL,
  `create_at` datetime DEFAULT NULL,
  `update_at` datetime DEFAULT NULL
) ENGINE=InnoDB DEFAULT CHARSET=utf8mb4 COMMENT='当前消息列表';
/*!40101 SET character_set_client = @saved_cs_client */;

--
-- Dumping data for table `contacts_recent`
--

LOCK TABLES `contacts_recent` WRITE;
/*!40000 ALTER TABLE `contacts_recent` DISABLE KEYS */;
/*!40000 ALTER TABLE `contacts_recent` ENABLE KEYS */;
UNLOCK TABLES;

--
-- Table structure for table `group`
--

DROP TABLE IF EXISTS `group`;
/*!40101 SET @saved_cs_client     = @@character_set_client */;
/*!40101 SET character_set_client = utf8 */;
CREATE TABLE `group` (
  `group_number` varchar(13) COLLATE utf8mb4_bin NOT NULL COMMENT '主键',
  `group_name` varchar(30) COLLATE utf8mb4_bin NOT NULL COMMENT '群组名称',
  `group_head_image` varchar(255) COLLATE utf8mb4_bin NOT NULL COMMENT '群组头像',
  `introduction` varchar(255) COLLATE utf8mb4_bin NOT NULL COMMENT '群组简介',
  `member_num` int(11) NOT NULL DEFAULT '1' COMMENT '群组人数',
  `extra` varchar(1024) COLLATE utf8mb4_bin DEFAULT NULL COMMENT '附加属性',
  `created_at` datetime NOT NULL COMMENT '创建时间',
  `updated_at` datetime NOT NULL COMMENT '更新时间',
  PRIMARY KEY (`group_number`)
) ENGINE=InnoDB DEFAULT CHARSET=utf8mb4 COLLATE=utf8mb4_bin COMMENT='群组表';
/*!40101 SET character_set_client = @saved_cs_client */;

--
-- Dumping data for table `group`
--

LOCK TABLES `group` WRITE;
/*!40000 ALTER TABLE `group` DISABLE KEYS */;
INSERT INTO `group` VALUES ('1629270026','test群','http://n.sinaimg.cn/ent/4_img/upload/c65c9414/792/w1017h575/20210818/b4f0-8abc3a8f444d6c840bf22edf130f7f7b.png','这是一个测试的群',1,NULL,'2021-08-18 15:00:26','2021-08-18 15:00:26'),('1629425616','腾讯','gas','fdafd',1,NULL,'2021-08-20 10:13:36','2021-08-20 10:13:36'),('1629429278','上传图片测试群','http://cdn.jksusu.cn/48b12a3b3c346b6bea2f3d1f1cb80268.jpg','这是一个上传图片测试的群',1,NULL,'2021-08-20 11:14:38','2021-08-20 11:14:38'),('1629429417','gg','http://cdn.jksusu.cn/ec43394231a35b3e2b335a5d2f7f3ab5.jpg','gg',1,NULL,'2021-08-20 11:16:57','2021-08-20 11:16:57'),('1629429515','f','http://cdn.jksusu.cn/38f2bb7bed038ac03742e378facc5242.jpg','fdasf',1,NULL,'2021-08-20 11:18:35','2021-08-20 11:18:35'),('1629429534','fda','http://cdn.jksusu.cn/272702073a8713a344bd7094ac0f6ab7.jpg','fdafas',1,NULL,'2021-08-20 11:18:54','2021-08-20 11:18:54'),('1629429895','fdafdsa','http://cdn.jksusu.cn/a950384c900824cb8138f2c197a2518f.jpg','fdafdsa',1,NULL,'2021-08-20 11:24:55','2021-08-20 11:24:55'),('1629431698','fda','http://cdn.jksusu.cn/df16539fdd188cf4b1168ede0fbc660c.jpg','fda',1,NULL,'2021-08-20 11:54:58','2021-08-20 11:54:58'),('1629431750','fdas','http://cdn.jksusu.cn/0db69410598e6427fb20626365c22f2f.jpg','fda',1,NULL,'2021-08-20 11:55:50','2021-08-20 11:55:50'),('1629442265','大幅扩建的客户发多少经费卡号多少富豪的','http://cdn.jksusu.cn/269b39a5429551216c691df4fc68051a.jpg','放大范德萨范德萨范德萨发',1,NULL,'2021-08-20 14:51:05','2021-08-20 14:51:05');
/*!40000 ALTER TABLE `group` ENABLE KEYS */;
UNLOCK TABLES;

--
-- Table structure for table `group_member`
--

DROP TABLE IF EXISTS `group_member`;
/*!40101 SET @saved_cs_client     = @@character_set_client */;
/*!40101 SET character_set_client = utf8 */;
CREATE TABLE `group_member` (
  `id` int(11) NOT NULL AUTO_INCREMENT,
  `group_number` varchar(13) NOT NULL COMMENT '群组ID',
  `uid` varchar(36) NOT NULL,
  `type` enum('leader','admin','member') NOT NULL,
  `extra` varchar(1024) DEFAULT NULL COMMENT '扩展字段',
  `created_at` datetime NOT NULL,
  `updated_at` datetime NOT NULL,
  PRIMARY KEY (`id`)
) ENGINE=InnoDB AUTO_INCREMENT=44 DEFAULT CHARSET=utf8mb4 COMMENT='群成员';
/*!40101 SET character_set_client = @saved_cs_client */;

--
-- Dumping data for table `group_member`
--

LOCK TABLES `group_member` WRITE;
/*!40000 ALTER TABLE `group_member` DISABLE KEYS */;
INSERT INTO `group_member` VALUES (34,'1629270026','260434635031330817','leader',NULL,'2021-08-18 15:00:26','2021-08-18 15:00:26'),(35,'1629425616','260434635031330817','leader',NULL,'2021-08-20 10:13:36','2021-08-20 10:13:36'),(36,'1629429278','260434635031330817','leader',NULL,'2021-08-20 11:14:38','2021-08-20 11:14:38'),(37,'1629429417','260434635031330817','leader',NULL,'2021-08-20 11:16:57','2021-08-20 11:16:57'),(38,'1629429515','260434635031330817','leader',NULL,'2021-08-20 11:18:35','2021-08-20 11:18:35'),(39,'1629429534','260434635031330817','leader',NULL,'2021-08-20 11:18:54','2021-08-20 11:18:54'),(40,'1629429895','260434635031330817','leader',NULL,'2021-08-20 11:24:55','2021-08-20 11:24:55'),(41,'1629431698','260434635031330817','leader',NULL,'2021-08-20 11:54:58','2021-08-20 11:54:58'),(42,'1629431750','260434635031330817','leader',NULL,'2021-08-20 11:55:50','2021-08-20 11:55:50'),(43,'1629442265','260434635031330817','leader',NULL,'2021-08-20 14:51:05','2021-08-20 14:51:05');
/*!40000 ALTER TABLE `group_member` ENABLE KEYS */;
UNLOCK TABLES;

--
-- Table structure for table `group_member_join_record`
--

DROP TABLE IF EXISTS `group_member_join_record`;
/*!40101 SET @saved_cs_client     = @@character_set_client */;
/*!40101 SET character_set_client = utf8 */;
CREATE TABLE `group_member_join_record` (
  `id` int(11) NOT NULL AUTO_INCREMENT,
  PRIMARY KEY (`id`)
) ENGINE=InnoDB DEFAULT CHARSET=utf8mb4;
/*!40101 SET character_set_client = @saved_cs_client */;

--
-- Dumping data for table `group_member_join_record`
--

LOCK TABLES `group_member_join_record` WRITE;
/*!40000 ALTER TABLE `group_member_join_record` DISABLE KEYS */;
/*!40000 ALTER TABLE `group_member_join_record` ENABLE KEYS */;
UNLOCK TABLES;

--
-- Table structure for table `member`
--

DROP TABLE IF EXISTS `member`;
/*!40101 SET @saved_cs_client     = @@character_set_client */;
/*!40101 SET character_set_client = utf8 */;
CREATE TABLE `member` (
  `uid` varchar(32) NOT NULL COMMENT 'uid',
  `username` varchar(11) CHARACTER SET utf8 NOT NULL COMMENT '用户名',
  `email` varchar(50) CHARACTER SET utf8 DEFAULT NULL COMMENT '邮箱',
  `password` varchar(15) CHARACTER SET utf8 DEFAULT NULL COMMENT '密码',
  `salt` varchar(4) CHARACTER SET utf8 DEFAULT NULL,
  `head_image` varchar(255) CHARACTER SET utf8 DEFAULT NULL COMMENT '头像',
  `nikename` varchar(20) CHARACTER SET utf8 DEFAULT NULL COMMENT '昵称',
  `autograph` varchar(50) CHARACTER SET utf8 DEFAULT NULL COMMENT '签名',
  `created_at` datetime DEFAULT NULL COMMENT '创建时间',
  `updated_at` datetime DEFAULT NULL COMMENT '上次登录时间',
  PRIMARY KEY (`uid`),
  UNIQUE KEY `member_UN` (`username`),
  KEY `member_username_IDX` (`username`) USING BTREE
) ENGINE=InnoDB DEFAULT CHARSET=utf8mb4;
/*!40101 SET character_set_client = @saved_cs_client */;

--
-- Dumping data for table `member`
--

LOCK TABLES `member` WRITE;
/*!40000 ALTER TABLE `member` DISABLE KEYS */;
INSERT INTO `member` VALUES ('260434635031330817','jksusu',NULL,'jksusu','60bd','http://cdn.jksusu.cn/c19c5ceb635376bd7c73f84ae9270075.jpg','jksusu',NULL,'2021-06-07 15:54:15','2021-06-07 15:54:15'),('261069149919252481','ppx',NULL,'ppx','60c0','http://cdn.jksusu.cn/u%3D233301930%2C3031623456%26fm%3D11%26gp%3D0.jpg','ppx',NULL,'2021-06-09 09:55:35','2021-06-09 09:55:35'),('261174058064814081','18290257053',NULL,'123456','60c0','http://cdn.jksusu.cn/e7aae5dd452edf8733dbebb97e303f79.jpg','cy',NULL,'2021-06-09 16:52:28','2021-06-09 16:52:28'),('261175849313644545','carrycy',NULL,'123456','60c0','http://cdn.jksusu.cn/e4b123509beada9b32c1a15dc437a0c9.jpg','carrycy',NULL,'2021-06-09 16:59:35','2021-06-09 16:59:35'),('273482695542050817','cy1',NULL,'123456','60ed','http://cdn.jksusu.cn/c1e2c736c19953655af8768110b8c9e5.jpg','cy1',NULL,'2021-07-13 16:02:35','2021-07-13 16:02:35'),('273757717011632128','web',NULL,'123456','60ee','http://cdn.jksusu.cn/c19c5ceb635376bd7c73f84ae9270075.jpg','web',NULL,'2021-07-14 10:15:25','2021-07-14 10:15:25');
/*!40000 ALTER TABLE `member` ENABLE KEYS */;
UNLOCK TABLES;

--
-- Table structure for table `message`
--

DROP TABLE IF EXISTS `message`;
/*!40101 SET @saved_cs_client     = @@character_set_client */;
/*!40101 SET character_set_client = utf8 */;
CREATE TABLE `message` (
  `msg_id` varchar(36) NOT NULL,
  `content` varchar(500) CHARACTER SET utf8 NOT NULL,
  `send_uid` varchar(36) CHARACTER SET utf8 NOT NULL,
  `accept_type` enum('personal','group') NOT NULL,
  `accept_uid` varchar(36) CHARACTER SET utf8 NOT NULL,
  `content_type` enum('text','picture','video') CHARACTER SET utf8 NOT NULL,
  `created_at` datetime NOT NULL,
  `updated_at` datetime DEFAULT NULL,
  PRIMARY KEY (`msg_id`)
) ENGINE=InnoDB DEFAULT CHARSET=utf8mb4 COMMENT='消息内容';
/*!40101 SET character_set_client = @saved_cs_client */;

--
-- Dumping data for table `message`
--

LOCK TABLES `message` WRITE;
/*!40000 ALTER TABLE `message` DISABLE KEYS */;
INSERT INTO `message` VALUES ('16274546541900','m','260434635031330817','personal','261174058064814081','text','2021-07-28 14:44:14','2021-07-28 14:44:14'),('16274546689710','nihoa','260434635031330817','personal','261174058064814081','text','2021-07-28 14:44:28','2021-07-28 14:44:28'),('16274546954470','nihoa\n','260434635031330817','personal','261174058064814081','text','2021-07-28 14:44:55','2021-07-28 14:44:55'),('16274546992390','你好','260434635031330817','personal','261069149919252481','text','2021-07-28 14:44:59','2021-07-28 14:44:59'),('16274547075710','nihao','261069149919252481','personal','260434635031330817','text','2021-07-28 14:45:07','2021-07-28 14:45:07'),('16274549805470','放大\n','260434635031330817','personal','261174058064814081','text','2021-07-28 14:49:40','2021-07-28 14:49:40'),('16274549823820','发大水\n','260434635031330817','personal','261174058064814081','text','2021-07-28 14:49:42','2021-07-28 14:49:42'),('16274549836960','放大\n','260434635031330817','personal','261174058064814081','text','2021-07-28 14:49:43','2021-07-28 14:49:43'),('16274549978740','你好\n','260434635031330817','personal','261174058064814081','text','2021-07-28 14:49:57','2021-07-28 14:49:57'),('16274549994660','你好呀\n','260434635031330817','personal','261174058064814081','text','2021-07-28 14:49:59','2021-07-28 14:49:59'),('16274550020510','兄弟\n','260434635031330817','personal','261174058064814081','text','2021-07-28 14:50:02','2021-07-28 14:50:02'),('16274550063490','兄弟\n','260434635031330817','personal','261174058064814081','text','2021-07-28 14:50:06','2021-07-28 14:50:06'),('16274550083870','兄弟\n','260434635031330817','personal','261174058064814081','text','2021-07-28 14:50:08','2021-07-28 14:50:08'),('16275432368010','放大','260434635031330817','personal','261174058064814081','text','2021-07-29 15:20:36','2021-07-29 15:20:36'),('16275489688500','fdas','260434635031330817','personal','261069149919252481','text','2021-07-29 16:56:08','2021-07-29 16:56:08'),('16275491043490','nihoa','260434635031330817','personal','261174058064814081','text','2021-07-29 16:58:24','2021-07-29 16:58:24'),('16275517492900','vd','260434635031330817','personal','261069149919252481','text','2021-07-29 17:42:29','2021-07-29 17:42:29'),('16275517508140','fd','260434635031330817','personal','261069149919252481','text','2021-07-29 17:42:30','2021-07-29 17:42:30'),('16275517538440','fdas\n','260434635031330817','personal','261069149919252481','text','2021-07-29 17:42:33','2021-07-29 17:42:33'),('16275517545310','fdas\n','260434635031330817','personal','261069149919252481','text','2021-07-29 17:42:34','2021-07-29 17:42:34'),('16275517548000','fdas\nfdsa\n','260434635031330817','personal','261069149919252481','text','2021-07-29 17:42:34','2021-07-29 17:42:34'),('16275517555560','fd\n','260434635031330817','personal','261069149919252481','text','2021-07-29 17:42:35','2021-07-29 17:42:35'),('16275517562160','d\nf','260434635031330817','personal','261069149919252481','text','2021-07-29 17:42:36','2021-07-29 17:42:36'),('16275517564820','d\nfds\nf','260434635031330817','personal','261069149919252481','text','2021-07-29 17:42:36','2021-07-29 17:42:36'),('16275517566720','s\nf','260434635031330817','personal','261069149919252481','text','2021-07-29 17:42:36','2021-07-29 17:42:36'),('16275517567260','f\nds','260434635031330817','personal','261069149919252481','text','2021-07-29 17:42:36','2021-07-29 17:42:36'),('16275517573200','ds\nf','260434635031330817','personal','261069149919252481','text','2021-07-29 17:42:37','2021-07-29 17:42:37'),('16275517574250','ds\nf\nds','260434635031330817','personal','261069149919252481','text','2021-07-29 17:42:37','2021-07-29 17:42:37'),('16275517575360','ds\nf\ndsf\n','260434635031330817','personal','261069149919252481','text','2021-07-29 17:42:37','2021-07-29 17:42:37'),('16275517575820','d','260434635031330817','personal','261069149919252481','text','2021-07-29 17:42:37','2021-07-29 17:42:37'),('16275517578200','\nf','260434635031330817','personal','261069149919252481','text','2021-07-29 17:42:37','2021-07-29 17:42:37'),('16275517579180','\nds','260434635031330817','personal','261069149919252481','text','2021-07-29 17:42:37','2021-07-29 17:42:37'),('16275517580460','d','260434635031330817','personal','261069149919252481','text','2021-07-29 17:42:38','2021-07-29 17:42:38'),('16275517581890','f','260434635031330817','personal','261069149919252481','text','2021-07-29 17:42:38','2021-07-29 17:42:38'),('16275517583540','f\n','260434635031330817','personal','261069149919252481','text','2021-07-29 17:42:38','2021-07-29 17:42:38'),('16275517587900','\nf','260434635031330817','personal','261069149919252481','text','2021-07-29 17:42:38','2021-07-29 17:42:38'),('16275517589350','\nfds\n','260434635031330817','personal','261069149919252481','text','2021-07-29 17:42:38','2021-07-29 17:42:38'),('16275517590450','\nfds\nfd\ns','260434635031330817','personal','261069149919252481','text','2021-07-29 17:42:39','2021-07-29 17:42:39'),('16275517590760','\nds','260434635031330817','personal','261069149919252481','text','2021-07-29 17:42:39','2021-07-29 17:42:39'),('16275517591980','\nf','260434635031330817','personal','261069149919252481','text','2021-07-29 17:42:39','2021-07-29 17:42:39'),('16275517594980','\nf','260434635031330817','personal','261069149919252481','text','2021-07-29 17:42:39','2021-07-29 17:42:39'),('16275517596890','\nfsd\nf','260434635031330817','personal','261069149919252481','text','2021-07-29 17:42:39','2021-07-29 17:42:39'),('16275517598200','\ns','260434635031330817','personal','261069149919252481','text','2021-07-29 17:42:39','2021-07-29 17:42:39'),('16275517601000','f','260434635031330817','personal','261069149919252481','text','2021-07-29 17:42:40','2021-07-29 17:42:40'),('16275517602130','\nd','260434635031330817','personal','261069149919252481','text','2021-07-29 17:42:40','2021-07-29 17:42:40'),('16275517607530','\n\nf','260434635031330817','personal','261069149919252481','text','2021-07-29 17:42:40','2021-07-29 17:42:40'),('16275517608920','\nd','260434635031330817','personal','261069149919252481','text','2021-07-29 17:42:40','2021-07-29 17:42:40'),('16275517752320','fdsa \n','260434635031330817','personal','261069149919252481','text','2021-07-29 17:42:55','2021-07-29 17:42:55'),('16275517760490','das\n','260434635031330817','personal','261069149919252481','text','2021-07-29 17:42:56','2021-07-29 17:42:56'),('16275517777580','f\n','260434635031330817','personal','261069149919252481','text','2021-07-29 17:42:57','2021-07-29 17:42:57'),('16275517782580','f\n','260434635031330817','personal','261069149919252481','text','2021-07-29 17:42:58','2021-07-29 17:42:58'),('16275517789160','f\n','260434635031330817','personal','261069149919252481','text','2021-07-29 17:42:58','2021-07-29 17:42:58'),('16275517791790','f\nf\n','260434635031330817','personal','261069149919252481','text','2021-07-29 17:42:59','2021-07-29 17:42:59'),('16275517795060','f\n','260434635031330817','personal','261069149919252481','text','2021-07-29 17:42:59','2021-07-29 17:42:59'),('16275518759440','fdas\n','260434635031330817','personal','261069149919252481','text','2021-07-29 17:44:35','2021-07-29 17:44:35'),('16275518775500','d\n','260434635031330817','personal','261069149919252481','text','2021-07-29 17:44:37','2021-07-29 17:44:37'),('16275518782260','f\n','260434635031330817','personal','261069149919252481','text','2021-07-29 17:44:38','2021-07-29 17:44:38'),('16275518788680','f\n','260434635031330817','personal','261069149919252481','text','2021-07-29 17:44:38','2021-07-29 17:44:38'),('16275518791430','f\nf\n','260434635031330817','personal','261069149919252481','text','2021-07-29 17:44:39','2021-07-29 17:44:39'),('16275518797240','\nf','260434635031330817','personal','261069149919252481','text','2021-07-29 17:44:39','2021-07-29 17:44:39'),('16275518826820','ffda\n','260434635031330817','personal','261069149919252481','text','2021-07-29 17:44:42','2021-07-29 17:44:42'),('16275518834330','das\n','260434635031330817','personal','261069149919252481','text','2021-07-29 17:44:43','2021-07-29 17:44:43'),('16275518842080','fdas\n','260434635031330817','personal','261069149919252481','text','2021-07-29 17:44:44','2021-07-29 17:44:44'),('16275518849540','fdsa\n','260434635031330817','personal','261069149919252481','text','2021-07-29 17:44:44','2021-07-29 17:44:44'),('16275519120610','fda\n','260434635031330817','personal','261069149919252481','text','2021-07-29 17:45:12','2021-07-29 17:45:12'),('16275519125670','a\n','260434635031330817','personal','261069149919252481','text','2021-07-29 17:45:12','2021-07-29 17:45:12'),('16275519137740','fda\n','260434635031330817','personal','261069149919252481','text','2021-07-29 17:45:13','2021-07-29 17:45:13'),('16275519145310','fda\n','260434635031330817','personal','261069149919252481','text','2021-07-29 17:45:14','2021-07-29 17:45:14'),('16275519156650','fda\n','260434635031330817','personal','261069149919252481','text','2021-07-29 17:45:15','2021-07-29 17:45:15'),('16275519162950','fd\n','260434635031330817','personal','261069149919252481','text','2021-07-29 17:45:16','2021-07-29 17:45:16'),('16275519172890','d\n','260434635031330817','personal','261069149919252481','text','2021-07-29 17:45:17','2021-07-29 17:45:17'),('16275519179970','d\n','260434635031330817','personal','261069149919252481','text','2021-07-29 17:45:18','2021-07-29 17:45:18'),('16275519193940','fdasfd\n','260434635031330817','personal','261069149919252481','text','2021-07-29 17:45:19','2021-07-29 17:45:19'),('16275519212900','fda\n','260434635031330817','personal','261069149919252481','text','2021-07-29 17:45:21','2021-07-29 17:45:21'),('16275519221630','fd\n','260434635031330817','personal','261069149919252481','text','2021-07-29 17:45:22','2021-07-29 17:45:22'),('16275519233370','fd\n','260434635031330817','personal','261069149919252481','text','2021-07-29 17:45:23','2021-07-29 17:45:23'),('16275519246350','fd\n','260434635031330817','personal','261069149919252481','text','2021-07-29 17:45:24','2021-07-29 17:45:24'),('16275519259490','fd\n','260434635031330817','personal','261069149919252481','text','2021-07-29 17:45:25','2021-07-29 17:45:25'),('16275519268430','fd\n','260434635031330817','personal','261069149919252481','text','2021-07-29 17:45:26','2021-07-29 17:45:26'),('16275519282760','fd\n','260434635031330817','personal','261069149919252481','text','2021-07-29 17:45:28','2021-07-29 17:45:28'),('16275531254790','nihao \n','260434635031330817','personal','261174058064814081','text','2021-07-29 18:05:25','2021-07-29 18:05:25'),('16280711731570','ni\n','260434635031330817','personal','261069149919252481','text','2021-08-04 17:59:33','2021-08-04 17:59:33'),('16280711753530','nihoa\n','260434635031330817','personal','261069149919252481','text','2021-08-04 17:59:35','2021-08-04 17:59:35'),('16280711779170','hao\n','260434635031330817','personal','261069149919252481','text','2021-08-04 17:59:37','2021-08-04 17:59:37'),('16280711784370','de \n','260434635031330817','personal','261069149919252481','text','2021-08-04 17:59:38','2021-08-04 17:59:38'),('16280711797600','hao \n','260434635031330817','personal','261069149919252481','text','2021-08-04 17:59:39','2021-08-04 17:59:39'),('16280711804870','ahahha \n','260434635031330817','personal','261069149919252481','text','2021-08-04 17:59:40','2021-08-04 17:59:40'),('16280711815650','hahah \n','260434635031330817','personal','261069149919252481','text','2021-08-04 17:59:41','2021-08-04 17:59:41'),('16280711819860','ha \n','260434635031330817','personal','261069149919252481','text','2021-08-04 17:59:41','2021-08-04 17:59:41'),('16280711829560','hah \n','260434635031330817','personal','261069149919252481','text','2021-08-04 17:59:42','2021-08-04 17:59:42'),('16290999333690','1\n','260434635031330817','personal','2','text','2021-08-16 15:45:33','2021-08-16 15:45:33'),('16291000915420','fda\n','260434635031330817','personal','2','text','2021-08-16 15:48:11','2021-08-16 15:48:11'),('16291002929460','f\n','260434635031330817','personal','2','text','2021-08-16 15:51:32','2021-08-16 15:51:32'),('16291002956710','fdasfd\n','260434635031330817','personal','2','text','2021-08-16 15:51:35','2021-08-16 15:51:35'),('16291003233990','2\n','260434635031330817','personal','2','text','2021-08-16 15:52:03','2021-08-16 15:52:03'),('16291003249080','3\n','260434635031330817','personal','2','text','2021-08-16 15:52:04','2021-08-16 15:52:04'),('16291003255730','4\n','260434635031330817','personal','2','text','2021-08-16 15:52:05','2021-08-16 15:52:05'),('16291004411810','2121\n','260434635031330817','personal','2','text','2021-08-16 15:54:01','2021-08-16 15:54:01'),('16291004431100','fda\n','260434635031330817','personal','2','text','2021-08-16 15:54:03','2021-08-16 15:54:03'),('16291004439780','fda\n','260434635031330817','personal','2','text','2021-08-16 15:54:03','2021-08-16 15:54:03'),('16291013580920','fa\n','260434635031330817','personal','2','text','2021-08-16 16:09:18','2021-08-16 16:09:18'),('16291034557380','1\n','260434635031330817','personal','2','text','2021-08-16 16:44:15','2021-08-16 16:44:15'),('16291034948960','21\n','260434635031330817','personal','2','text','2021-08-16 16:44:54','2021-08-16 16:44:54'),('16291066135970','fda\n','260434635031330817','personal','2','text','2021-08-16 17:36:53','2021-08-16 17:36:53'),('16291074350170','fdafds\n','260434635031330817','personal','2','text','2021-08-16 17:50:35','2021-08-16 17:50:35'),('16291074403450','fda\n','260434635031330817','personal','2','text','2021-08-16 17:50:40','2021-08-16 17:50:40'),('16291655237120','你好\n','260434635031330817','personal','2','text','2021-08-17 09:58:43','2021-08-17 09:58:43'),('16291662587760','你好\n','260434635031330817','personal','2','text','2021-08-17 10:10:58','2021-08-17 10:10:58'),('16291662628190','你好\n','260434635031330817','personal','2','text','2021-08-17 10:11:02','2021-08-17 10:11:02'),('16291668320710','fd\n','260434635031330817','personal','2','text','2021-08-17 10:20:32','2021-08-17 10:20:32'),('16291685331030','haha \n','260434635031330817','personal','2','text','2021-08-17 10:48:53','2021-08-17 10:48:53'),('16291689871360','1\n','260434635031330817','personal','2','text','2021-08-17 10:56:27','2021-08-17 10:56:27'),('16291692055600','nihoa \n','260434635031330817','personal','2','text','2021-08-17 11:00:05','2021-08-17 11:00:05'),('16291692083930','你好吗\n','260434635031330817','personal','2','text','2021-08-17 11:00:08','2021-08-17 11:00:08'),('16291692170020','今天天气不错\n','260434635031330817','personal','2','text','2021-08-17 11:00:17','2021-08-17 11:00:17'),('16291692213710','hao are you \n','260434635031330817','personal','2','text','2021-08-17 11:00:21','2021-08-17 11:00:21'),('16291699287650','惊天大撒反对发大水范德萨范德萨范德萨范德萨发大水范德萨范德萨法大师傅达瓦\n','260434635031330817','personal','2','text','2021-08-17 11:12:08','2021-08-17 11:12:08'),('16291700768430','你好\n','260434635031330817','personal','2','text','2021-08-17 11:14:36','2021-08-17 11:14:36'),('16291803955360','啥\n','260434635031330817','personal','2','text','2021-08-17 14:06:35','2021-08-17 14:06:35'),('16291803981530','你说啥\n','260434635031330817','personal','2','text','2021-08-17 14:06:38','2021-08-17 14:06:38'),('16291804110670','你好呀你好呀你好呀你好呀你好呀你好呀你好呀你好呀你好呀你好呀你好呀你好呀你好呀你好呀\n','260434635031330817','personal','2','text','2021-08-17 14:06:51','2021-08-17 14:06:51'),('16291804161910','反对法','260434635031330817','personal','2','text','2021-08-17 14:06:56','2021-08-17 14:06:56'),('16292701491930','哈哈\n','260434635031330817','personal','2','text','2021-08-18 15:02:29','2021-08-18 15:02:29'),('16292701517860','放大\n','260434635031330817','personal','2','text','2021-08-18 15:02:31','2021-08-18 15:02:31'),('16292701530270','放大\n','260434635031330817','personal','2','text','2021-08-18 15:02:33','2021-08-18 15:02:33'),('16292701533690','放大\n放大\n','260434635031330817','personal','2','text','2021-08-18 15:02:33','2021-08-18 15:02:33'),('16292701543530','放大\n','260434635031330817','personal','2','text','2021-08-18 15:02:34','2021-08-18 15:02:34'),('16292715118430','nihao\n','261069149919252481','personal','2','text','2021-08-18 15:25:11','2021-08-18 15:25:11'),('16292724860550','nihaofda \n\n\n','260434635031330817','personal','2','text','2021-08-18 15:41:26','2021-08-18 15:41:26'),('16292725542080','你好\n','261069149919252481','personal','2','text','2021-08-18 15:42:34','2021-08-18 15:42:34'),('16292725668920','你好\n','261069149919252481','personal','2','text','2021-08-18 15:42:46','2021-08-18 15:42:46'),('16292764324310','你好\n','261069149919252481','personal','2','text','2021-08-18 16:47:12','2021-08-18 16:47:12'),('16292764439460','nihao \n','260434635031330817','personal','2','text','2021-08-18 16:47:23','2021-08-18 16:47:23'),('16292771258510','你好\n','261069149919252481','personal','2','text','2021-08-18 16:58:45','2021-08-18 16:58:45'),('16292771316620','nihao\n','260434635031330817','personal','2','text','2021-08-18 16:58:51','2021-08-18 16:58:51'),('16292772971130','nihao\n','260434635031330817','personal','2','text','2021-08-18 17:01:37','2021-08-18 17:01:37'),('16292773031590','你好\n','261069149919252481','personal','2','text','2021-08-18 17:01:43','2021-08-18 17:01:43'),('16292773096130','nihaoo\n','260434635031330817','personal','2','text','2021-08-18 17:01:49','2021-08-18 17:01:49'),('16292773702130','你好\n','260434635031330817','personal','2','text','2021-08-18 17:02:50','2021-08-18 17:02:50'),('16292774069350','你\n','260434635031330817','personal','2','text','2021-08-18 17:03:26','2021-08-18 17:03:26'),('16292774496960','你好\n','260434635031330817','personal','2','text','2021-08-18 17:04:09','2021-08-18 17:04:09'),('16292774610270','nihao\n','261069149919252481','personal','2','text','2021-08-18 17:04:21','2021-08-18 17:04:21'),('16292775207290','f \n','261069149919252481','personal','2','text','2021-08-18 17:05:20','2021-08-18 17:05:20'),('16292775361060','fda \n','261069149919252481','personal','2','text','2021-08-18 17:05:36','2021-08-18 17:05:36'),('16292775434150','fda\n','261069149919252481','personal','2','text','2021-08-18 17:05:43','2021-08-18 17:05:43'),('16292775513860','fda\n','261069149919252481','personal','2','text','2021-08-18 17:05:51','2021-08-18 17:05:51'),('16292776551230','f\n','260434635031330817','personal','2','text','2021-08-18 17:07:35','2021-08-18 17:07:35'),('16292777017650','f\n','260434635031330817','personal','261069149919252481','text','2021-08-18 17:08:21','2021-08-18 17:08:21'),('16292777117600','haoba\n','261069149919252481','personal','260434635031330817','text','2021-08-18 17:08:31','2021-08-18 17:08:31'),('16292782228340','fda\n','260434635031330817','personal','261069149919252481','text','2021-08-18 17:17:02','2021-08-18 17:17:02'),('16292782312020','fda \n','260434635031330817','personal','261069149919252481','text','2021-08-18 17:17:11','2021-08-18 17:17:11'),('16292782507350','fdaf \n','260434635031330817','personal','261069149919252481','text','2021-08-18 17:17:30','2021-08-18 17:17:30'),('16292782671150','fda \n','260434635031330817','personal','261069149919252481','text','2021-08-18 17:17:47','2021-08-18 17:17:47'),('16292783428190','你好。\n','261069149919252481','personal','260434635031330817','text','2021-08-18 17:19:02','2021-08-18 17:19:02'),('16292784667420','你好\n','261069149919252481','personal','260434635031330817','text','2021-08-18 17:21:06','2021-08-18 17:21:06'),('16292788282880','哎\n','261069149919252481','personal','260434635031330817','text','2021-08-18 17:27:08','2021-08-18 17:27:08'),('16292790247150','你好\n','261069149919252481','personal','260434635031330817','text','2021-08-18 17:30:24','2021-08-18 17:30:24'),('16292790959910','nihao\n','260434635031330817','personal','261069149919252481','text','2021-08-18 17:31:35','2021-08-18 17:31:35'),('16292791012560','你好\n','261069149919252481','personal','260434635031330817','text','2021-08-18 17:31:41','2021-08-18 17:31:41'),('16292791063700','1\n','261069149919252481','personal','260434635031330817','text','2021-08-18 17:31:46','2021-08-18 17:31:46'),('16292792066740','你好\n','261069149919252481','personal','260434635031330817','text','2021-08-18 17:33:26','2021-08-18 17:33:26'),('16292792114450','nihao\n','260434635031330817','personal','261069149919252481','text','2021-08-18 17:33:31','2021-08-18 17:33:31'),('16292792183030','放大\n','261069149919252481','personal','260434635031330817','text','2021-08-18 17:33:38','2021-08-18 17:33:38'),('16292792263340','我是a\n','261069149919252481','personal','260434635031330817','text','2021-08-18 17:33:46','2021-08-18 17:33:46'),('16292792314690','woshi b\n','260434635031330817','personal','261069149919252481','text','2021-08-18 17:33:51','2021-08-18 17:33:51'),('16292794341270','nihao \n','260434635031330817','personal','261069149919252481','text','2021-08-18 17:37:14','2021-08-18 17:37:14'),('16292797548730','a\n','260434635031330817','personal','261069149919252481','text','2021-08-18 17:42:34','2021-08-18 17:42:34'),('16292797570360','da\n','260434635031330817','personal','261069149919252481','text','2021-08-18 17:42:37','2021-08-18 17:42:37'),('16292797575690','a\n','260434635031330817','personal','261069149919252481','text','2021-08-18 17:42:37','2021-08-18 17:42:37'),('16292797583000','a\n','260434635031330817','personal','261069149919252481','text','2021-08-18 17:42:38','2021-08-18 17:42:38'),('16292797585570','a\na\n','260434635031330817','personal','261069149919252481','text','2021-08-18 17:42:38','2021-08-18 17:42:38'),('16292797589210','a\n','260434635031330817','personal','261069149919252481','text','2021-08-18 17:42:38','2021-08-18 17:42:38'),('16292797711640','fda \n','261069149919252481','personal','260434635031330817','text','2021-08-18 17:42:51','2021-08-18 17:42:51'),('16292797728160','fda \n','261069149919252481','personal','260434635031330817','text','2021-08-18 17:42:52','2021-08-18 17:42:52'),('16292797901210','fda \n','260434635031330817','personal','261069149919252481','text','2021-08-18 17:43:10','2021-08-18 17:43:10'),('16292797935960','fdsa \n','261069149919252481','personal','260434635031330817','text','2021-08-18 17:43:13','2021-08-18 17:43:13'),('16292797983020','fda faf\n','261069149919252481','personal','260434635031330817','text','2021-08-18 17:43:18','2021-08-18 17:43:18'),('16292798044350','1\n','260434635031330817','personal','261069149919252481','text','2021-08-18 17:43:24','2021-08-18 17:43:24'),('16292798054720','2\n','260434635031330817','personal','261069149919252481','text','2021-08-18 17:43:25','2021-08-18 17:43:25'),('16292798071950','4\n','260434635031330817','personal','261069149919252481','text','2021-08-18 17:43:27','2021-08-18 17:43:27'),('16292798080580','5\n','260434635031330817','personal','261069149919252481','text','2021-08-18 17:43:28','2021-08-18 17:43:28'),('16292798096770','6\n','260434635031330817','personal','261069149919252481','text','2021-08-18 17:43:29','2021-08-18 17:43:29'),('16292798108420','7\n','260434635031330817','personal','261069149919252481','text','2021-08-18 17:43:30','2021-08-18 17:43:30'),('16292798125240','8\n','260434635031330817','personal','261069149919252481','text','2021-08-18 17:43:32','2021-08-18 17:43:32'),('16292798133740','9\n','260434635031330817','personal','261069149919252481','text','2021-08-18 17:43:33','2021-08-18 17:43:33'),('16292798148070','0\n','260434635031330817','personal','261069149919252481','text','2021-08-18 17:43:34','2021-08-18 17:43:34'),('16292798483170','d\n','261069149919252481','personal','260434635031330817','text','2021-08-18 17:44:08','2021-08-18 17:44:08'),('16292798494590','f\n','261069149919252481','personal','260434635031330817','text','2021-08-18 17:44:09','2021-08-18 17:44:09'),('16292798508170','f\n','261069149919252481','personal','260434635031330817','text','2021-08-18 17:44:10','2021-08-18 17:44:10'),('16292798521310','f\n','261069149919252481','personal','260434635031330817','text','2021-08-18 17:44:12','2021-08-18 17:44:12'),('16292798523780','f\nf\n','261069149919252481','personal','260434635031330817','text','2021-08-18 17:44:12','2021-08-18 17:44:12'),('16292798525530','\nf\n','261069149919252481','personal','260434635031330817','text','2021-08-18 17:44:12','2021-08-18 17:44:12'),('16292798527140','\nf','261069149919252481','personal','260434635031330817','text','2021-08-18 17:44:12','2021-08-18 17:44:12'),('16292798529880','\nf','261069149919252481','personal','260434635031330817','text','2021-08-18 17:44:12','2021-08-18 17:44:12'),('16292798531970','\nf\n','261069149919252481','personal','260434635031330817','text','2021-08-18 17:44:13','2021-08-18 17:44:13'),('16292798534190','\nf\n','261069149919252481','personal','260434635031330817','text','2021-08-18 17:44:13','2021-08-18 17:44:13'),('16292798536690','\nf','261069149919252481','personal','260434635031330817','text','2021-08-18 17:44:13','2021-08-18 17:44:13'),('16292798539200','\nf','261069149919252481','personal','260434635031330817','text','2021-08-18 17:44:13','2021-08-18 17:44:13'),('16292798540660','\nf\n','261069149919252481','personal','260434635031330817','text','2021-08-18 17:44:14','2021-08-18 17:44:14'),('16292798671740','fda\n','261069149919252481','personal','260434635031330817','text','2021-08-18 17:44:27','2021-08-18 17:44:27'),('16292798682870','fda\n','261069149919252481','personal','260434635031330817','text','2021-08-18 17:44:28','2021-08-18 17:44:28'),('16292798703450','fdas\n','260434635031330817','personal','261069149919252481','text','2021-08-18 17:44:30','2021-08-18 17:44:30'),('16292798814190','fdasfdsaf\n','260434635031330817','personal','261069149919252481','text','2021-08-18 17:44:41','2021-08-18 17:44:41'),('16292798869050','fdafd\n','260434635031330817','personal','261069149919252481','text','2021-08-18 17:44:46','2021-08-18 17:44:46'),('16292798889280','fdafdas\n','261069149919252481','personal','260434635031330817','text','2021-08-18 17:44:48','2021-08-18 17:44:48'),('16292799522690','fdas\n','260434635031330817','personal','261069149919252481','text','2021-08-18 17:45:52','2021-08-18 17:45:52'),('16292799639080','nihao\n2021-08-18T09:31:40.708Z\n\n你好\n2021-08-18T09:31:46.130Z\n\n1\n2021-08-18T09:33:26.434Z\n\n你好\n2021-08-18:17:33:31\n\nnihao\n2021-08-18T09:33:37.754Z\n\n放大\n2021-08-18T09:33:46.083Z\n\n我是a\n2021-08-18:17:33:51\n\nwoshi b\n2021-08-18:17:37:14\n\nnihao\n2021-08-18T09:42:50.908Z\n\nfda\n2021-08-18T09:42:52.267Z\n\nfda\n2021-08-18T09:43:13.341Z\n\nf\n','261069149919252481','personal','260434635031330817','text','2021-08-18 17:46:03','2021-08-18 17:46:03'),('16293533019200','nihao \n','260434635031330817','personal','261069149919252481','text','2021-08-19 14:08:22','2021-08-19 14:08:22'),('16293536010760','nihoa\n','260434635031330817','personal','261069149919252481','text','2021-08-19 14:13:21','2021-08-19 14:13:21'),('16293536028950','你好\n','260434635031330817','personal','261069149919252481','text','2021-08-19 14:13:22','2021-08-19 14:13:22'),('16293536045660','你好\n','260434635031330817','personal','261069149919252481','text','2021-08-19 14:13:24','2021-08-19 14:13:24'),('16293536055510','你好\n','260434635031330817','personal','261069149919252481','text','2021-08-19 14:13:25','2021-08-19 14:13:25'),('16293536069740','你好\n','260434635031330817','personal','261069149919252481','text','2021-08-19 14:13:26','2021-08-19 14:13:26'),('16293536093230','你好\n\n','260434635031330817','personal','261069149919252481','text','2021-08-19 14:13:29','2021-08-19 14:13:29'),('16293537091800','你好\n','261069149919252481','personal','260434635031330817','text','2021-08-19 14:15:09','2021-08-19 14:15:09'),('16293537149980','hello\n','260434635031330817','personal','261069149919252481','text','2021-08-19 14:15:15','2021-08-19 14:15:15'),('16293538926190','o\n','261069149919252481','personal','260434635031330817','text','2021-08-19 14:18:12','2021-08-19 14:18:12'),('16293538979960','nihao\n','260434635031330817','personal','261069149919252481','text','2021-08-19 14:18:17','2021-08-19 14:18:17'),('16293539002290','你好\n','260434635031330817','personal','261069149919252481','text','2021-08-19 14:18:20','2021-08-19 14:18:20'),('16293539011320','你好\n你好\n','260434635031330817','personal','261069149919252481','text','2021-08-19 14:18:21','2021-08-19 14:18:21'),('16293539028800','你好\n','260434635031330817','personal','261069149919252481','text','2021-08-19 14:18:22','2021-08-19 14:18:22'),('16293539045240','你好吗\n','260434635031330817','personal','261069149919252481','text','2021-08-19 14:18:24','2021-08-19 14:18:24'),('16293539062770','大哥\n','260434635031330817','personal','261069149919252481','text','2021-08-19 14:18:26','2021-08-19 14:18:26'),('16293539073240','你好\n','260434635031330817','personal','261069149919252481','text','2021-08-19 14:18:27','2021-08-19 14:18:27'),('16293539349690','你是魔鬼中的天使\n','261069149919252481','personal','260434635031330817','text','2021-08-19 14:18:54','2021-08-19 14:18:54'),('16293539450040','让我找到心碎的方式\n','260434635031330817','personal','261069149919252481','text','2021-08-19 14:19:05','2021-08-19 14:19:05'),('16293539546730','是让我笑道最后\n','261069149919252481','personal','260434635031330817','text','2021-08-19 14:19:14','2021-08-19 14:19:14'),('16293539608750','无论为止\n','260434635031330817','personal','261069149919252481','text','2021-08-19 14:19:20','2021-08-19 14:19:20'),('16293539700910','才发现心里插了一把刀子\n','261069149919252481','personal','260434635031330817','text','2021-08-19 14:19:30','2021-08-19 14:19:30'),('16293539748060','你是魔鬼中的天使\n','260434635031330817','personal','261069149919252481','text','2021-08-19 14:19:34','2021-08-19 14:19:34'),('16293553552810','nihoa\n','260434635031330817','personal','261069149919252481','text','2021-08-19 14:42:35','2021-08-19 14:42:35'),('16293560005920','1\n','260434635031330817','personal','261069149919252481','text','2021-08-19 14:53:20','2021-08-19 14:53:20'),('16293561696980','fda\n\n\n\n','260434635031330817','personal','261069149919252481','text','2021-08-19 14:56:09','2021-08-19 14:56:09'),('16293594668350','nihao\n','260434635031330817','personal','261069149919252481','text','2021-08-19 15:51:06','2021-08-19 15:51:06'),('16293594760820','hello\n','260434635031330817','personal','261069149919252481','text','2021-08-19 15:51:16','2021-08-19 15:51:16'),('16293612177810','fda\n','260434635031330817','personal','261069149919252481','text','2021-08-19 16:20:17','2021-08-19 16:20:17'),('16293612449510','fda\n','260434635031330817','personal','261069149919252481','text','2021-08-19 16:20:44','2021-08-19 16:20:44'),('16293614386560','1\n','260434635031330817','personal','261069149919252481','text','2021-08-19 16:23:58','2021-08-19 16:23:58'),('16293663960360','q\n','260434635031330817','personal','261069149919252481','text','2021-08-19 17:46:36','2021-08-19 17:46:36'),('16294316331670','fa\n','260434635031330817','personal','261069149919252481','text','2021-08-20 11:53:53','2021-08-20 11:53:53'),('16294316338380','a\n','260434635031330817','personal','261069149919252481','text','2021-08-20 11:53:53','2021-08-20 11:53:53'),('16294316341130','da\n','260434635031330817','personal','261069149919252481','text','2021-08-20 11:53:54','2021-08-20 11:53:54'),('16294443966030','放大范德萨\n','260434635031330817','personal','261069149919252481','text','2021-08-20 15:26:36','2021-08-20 15:26:36'),('16294443976610','放大范德萨\nfda \n','260434635031330817','personal','261069149919252481','text','2021-08-20 15:26:37','2021-08-20 15:26:37'),('16294443987330','放大\n','260434635031330817','personal','261069149919252481','text','2021-08-20 15:26:38','2021-08-20 15:26:38'),('16294444861420','ffdafda\n','260434635031330817','personal','261069149919252481','text','2021-08-20 15:28:06','2021-08-20 15:28:06'),('16294444869480','fdsa\n','260434635031330817','personal','261069149919252481','text','2021-08-20 15:28:06','2021-08-20 15:28:06'),('16294444897590','afda\n','260434635031330817','personal','261069149919252481','text','2021-08-20 15:28:09','2021-08-20 15:28:09'),('16294444908700','fda\n','260434635031330817','personal','261069149919252481','text','2021-08-20 15:28:10','2021-08-20 15:28:10'),('16294444923120','fda\n','260434635031330817','personal','261069149919252481','text','2021-08-20 15:28:12','2021-08-20 15:28:12'),('16294444928850','fda\n','260434635031330817','personal','261069149919252481','text','2021-08-20 15:28:12','2021-08-20 15:28:12'),('16294444939810','fda\n','260434635031330817','personal','261069149919252481','text','2021-08-20 15:28:13','2021-08-20 15:28:13');
/*!40000 ALTER TABLE `message` ENABLE KEYS */;
UNLOCK TABLES;

--
-- Table structure for table `message_index`
--

DROP TABLE IF EXISTS `message_index`;
/*!40101 SET @saved_cs_client     = @@character_set_client */;
/*!40101 SET character_set_client = utf8 */;
CREATE TABLE `message_index` (
  `msg_id` varchar(36) NOT NULL,
  `send_uid` varchar(36) CHARACTER SET utf8 NOT NULL,
  `accept_uid` varchar(36) CHARACTER SET utf8 NOT NULL,
  `read_state` enum('read','unread') NOT NULL,
  `created_at` datetime NOT NULL,
  `updated_at` datetime DEFAULT NULL,
  PRIMARY KEY (`msg_id`)
) ENGINE=InnoDB DEFAULT CHARSET=utf8mb4 COMMENT='消息索引表';
/*!40101 SET character_set_client = @saved_cs_client */;

--
-- Dumping data for table `message_index`
--

LOCK TABLES `message_index` WRITE;
/*!40000 ALTER TABLE `message_index` DISABLE KEYS */;
INSERT INTO `message_index` VALUES ('16292790247150','261069149919252481','260434635031330817','unread','2021-08-18 17:30:24','2021-08-18 17:30:24'),('16292790959910','260434635031330817','261069149919252481','unread','2021-08-18 17:31:36','2021-08-18 17:31:36'),('16292791012560','261069149919252481','260434635031330817','unread','2021-08-18 17:31:41','2021-08-18 17:31:41'),('16292791063700','261069149919252481','260434635031330817','unread','2021-08-18 17:31:46','2021-08-18 17:31:46'),('16292792066740','261069149919252481','260434635031330817','unread','2021-08-18 17:33:26','2021-08-18 17:33:26'),('16292792114450','260434635031330817','261069149919252481','unread','2021-08-18 17:33:31','2021-08-18 17:33:31'),('16292792183030','261069149919252481','260434635031330817','unread','2021-08-18 17:33:38','2021-08-18 17:33:38'),('16292792263340','261069149919252481','260434635031330817','unread','2021-08-18 17:33:46','2021-08-18 17:33:46'),('16292792314690','260434635031330817','261069149919252481','unread','2021-08-18 17:33:51','2021-08-18 17:33:51'),('16292794341270','260434635031330817','261069149919252481','unread','2021-08-18 17:37:14','2021-08-18 17:37:14'),('16292797548730','260434635031330817','261069149919252481','unread','2021-08-18 17:42:34','2021-08-18 17:42:34'),('16292797570360','260434635031330817','261069149919252481','unread','2021-08-18 17:42:37','2021-08-18 17:42:37'),('16292797575690','260434635031330817','261069149919252481','unread','2021-08-18 17:42:37','2021-08-18 17:42:37'),('16292797583000','260434635031330817','261069149919252481','unread','2021-08-18 17:42:38','2021-08-18 17:42:38'),('16292797585570','260434635031330817','261069149919252481','unread','2021-08-18 17:42:38','2021-08-18 17:42:38'),('16292797589210','260434635031330817','261069149919252481','unread','2021-08-18 17:42:38','2021-08-18 17:42:38'),('16292797711640','261069149919252481','260434635031330817','unread','2021-08-18 17:42:51','2021-08-18 17:42:51'),('16292797728160','261069149919252481','260434635031330817','unread','2021-08-18 17:42:52','2021-08-18 17:42:52'),('16292797901210','260434635031330817','261069149919252481','unread','2021-08-18 17:43:10','2021-08-18 17:43:10'),('16292797935960','261069149919252481','260434635031330817','unread','2021-08-18 17:43:13','2021-08-18 17:43:13'),('16292797983020','261069149919252481','260434635031330817','unread','2021-08-18 17:43:18','2021-08-18 17:43:18'),('16292798044350','260434635031330817','261069149919252481','unread','2021-08-18 17:43:24','2021-08-18 17:43:24'),('16292798054720','260434635031330817','261069149919252481','unread','2021-08-18 17:43:25','2021-08-18 17:43:25'),('16292798071950','260434635031330817','261069149919252481','unread','2021-08-18 17:43:27','2021-08-18 17:43:27'),('16292798080580','260434635031330817','261069149919252481','unread','2021-08-18 17:43:28','2021-08-18 17:43:28'),('16292798096770','260434635031330817','261069149919252481','unread','2021-08-18 17:43:29','2021-08-18 17:43:29'),('16292798108420','260434635031330817','261069149919252481','unread','2021-08-18 17:43:30','2021-08-18 17:43:30'),('16292798125240','260434635031330817','261069149919252481','unread','2021-08-18 17:43:32','2021-08-18 17:43:32'),('16292798133740','260434635031330817','261069149919252481','unread','2021-08-18 17:43:33','2021-08-18 17:43:33'),('16292798148070','260434635031330817','261069149919252481','unread','2021-08-18 17:43:34','2021-08-18 17:43:34'),('16292798483170','261069149919252481','260434635031330817','unread','2021-08-18 17:44:08','2021-08-18 17:44:08'),('16292798494590','261069149919252481','260434635031330817','unread','2021-08-18 17:44:09','2021-08-18 17:44:09'),('16292798508170','261069149919252481','260434635031330817','unread','2021-08-18 17:44:10','2021-08-18 17:44:10'),('16292798521310','261069149919252481','260434635031330817','unread','2021-08-18 17:44:12','2021-08-18 17:44:12'),('16292798523780','261069149919252481','260434635031330817','unread','2021-08-18 17:44:12','2021-08-18 17:44:12'),('16292798525530','261069149919252481','260434635031330817','unread','2021-08-18 17:44:12','2021-08-18 17:44:12'),('16292798527140','261069149919252481','260434635031330817','unread','2021-08-18 17:44:12','2021-08-18 17:44:12'),('16292798529880','261069149919252481','260434635031330817','unread','2021-08-18 17:44:12','2021-08-18 17:44:12'),('16292798531970','261069149919252481','260434635031330817','unread','2021-08-18 17:44:13','2021-08-18 17:44:13'),('16292798534190','261069149919252481','260434635031330817','unread','2021-08-18 17:44:13','2021-08-18 17:44:13'),('16292798536690','261069149919252481','260434635031330817','unread','2021-08-18 17:44:13','2021-08-18 17:44:13'),('16292798539200','261069149919252481','260434635031330817','unread','2021-08-18 17:44:13','2021-08-18 17:44:13'),('16292798540660','261069149919252481','260434635031330817','unread','2021-08-18 17:44:14','2021-08-18 17:44:14'),('16292798671740','261069149919252481','260434635031330817','unread','2021-08-18 17:44:27','2021-08-18 17:44:27'),('16292798682870','261069149919252481','260434635031330817','unread','2021-08-18 17:44:28','2021-08-18 17:44:28'),('16292798703450','260434635031330817','261069149919252481','unread','2021-08-18 17:44:30','2021-08-18 17:44:30'),('16292798814190','260434635031330817','261069149919252481','unread','2021-08-18 17:44:41','2021-08-18 17:44:41'),('16292798869050','260434635031330817','261069149919252481','unread','2021-08-18 17:44:46','2021-08-18 17:44:46'),('16292798889280','261069149919252481','260434635031330817','unread','2021-08-18 17:44:48','2021-08-18 17:44:48'),('16292799522690','260434635031330817','261069149919252481','unread','2021-08-18 17:45:52','2021-08-18 17:45:52'),('16292799639080','261069149919252481','260434635031330817','unread','2021-08-18 17:46:03','2021-08-18 17:46:03'),('16293533019200','260434635031330817','261069149919252481','unread','2021-08-19 14:08:22','2021-08-19 14:08:22'),('16293536010760','260434635031330817','261069149919252481','unread','2021-08-19 14:13:21','2021-08-19 14:13:21'),('16293536028950','260434635031330817','261069149919252481','unread','2021-08-19 14:13:22','2021-08-19 14:13:22'),('16293536045660','260434635031330817','261069149919252481','unread','2021-08-19 14:13:24','2021-08-19 14:13:24'),('16293536055510','260434635031330817','261069149919252481','unread','2021-08-19 14:13:25','2021-08-19 14:13:25'),('16293536069740','260434635031330817','261069149919252481','unread','2021-08-19 14:13:26','2021-08-19 14:13:26'),('16293536093230','260434635031330817','261069149919252481','unread','2021-08-19 14:13:29','2021-08-19 14:13:29'),('16293537091800','261069149919252481','260434635031330817','unread','2021-08-19 14:15:09','2021-08-19 14:15:09'),('16293537149980','260434635031330817','261069149919252481','unread','2021-08-19 14:15:15','2021-08-19 14:15:15'),('16293538926190','261069149919252481','260434635031330817','unread','2021-08-19 14:18:12','2021-08-19 14:18:12'),('16293538979960','260434635031330817','261069149919252481','unread','2021-08-19 14:18:18','2021-08-19 14:18:18'),('16293539002290','260434635031330817','261069149919252481','unread','2021-08-19 14:18:20','2021-08-19 14:18:20'),('16293539011320','260434635031330817','261069149919252481','unread','2021-08-19 14:18:21','2021-08-19 14:18:21'),('16293539028800','260434635031330817','261069149919252481','unread','2021-08-19 14:18:22','2021-08-19 14:18:22'),('16293539045240','260434635031330817','261069149919252481','unread','2021-08-19 14:18:24','2021-08-19 14:18:24'),('16293539062770','260434635031330817','261069149919252481','unread','2021-08-19 14:18:26','2021-08-19 14:18:26'),('16293539073240','260434635031330817','261069149919252481','unread','2021-08-19 14:18:27','2021-08-19 14:18:27'),('16293539349690','261069149919252481','260434635031330817','unread','2021-08-19 14:18:54','2021-08-19 14:18:54'),('16293539450040','260434635031330817','261069149919252481','unread','2021-08-19 14:19:05','2021-08-19 14:19:05'),('16293539546730','261069149919252481','260434635031330817','unread','2021-08-19 14:19:14','2021-08-19 14:19:14'),('16293539608750','260434635031330817','261069149919252481','unread','2021-08-19 14:19:20','2021-08-19 14:19:20'),('16293539700910','261069149919252481','260434635031330817','unread','2021-08-19 14:19:30','2021-08-19 14:19:30'),('16293539748060','260434635031330817','261069149919252481','unread','2021-08-19 14:19:34','2021-08-19 14:19:34'),('16293553552810','260434635031330817','261069149919252481','unread','2021-08-19 14:42:35','2021-08-19 14:42:35'),('16293560005920','260434635031330817','261069149919252481','unread','2021-08-19 14:53:20','2021-08-19 14:53:20'),('16293561696980','260434635031330817','261069149919252481','unread','2021-08-19 14:56:09','2021-08-19 14:56:09'),('16293594668350','260434635031330817','261069149919252481','unread','2021-08-19 15:51:06','2021-08-19 15:51:06'),('16293594760820','260434635031330817','261069149919252481','unread','2021-08-19 15:51:16','2021-08-19 15:51:16'),('16293612177810','260434635031330817','261069149919252481','unread','2021-08-19 16:20:17','2021-08-19 16:20:17'),('16293612449510','260434635031330817','261069149919252481','unread','2021-08-19 16:20:44','2021-08-19 16:20:44'),('16293614386560','260434635031330817','261069149919252481','unread','2021-08-19 16:23:58','2021-08-19 16:23:58'),('16293663960360','260434635031330817','261069149919252481','unread','2021-08-19 17:46:36','2021-08-19 17:46:36'),('16294316331670','260434635031330817','261069149919252481','unread','2021-08-20 11:53:53','2021-08-20 11:53:53'),('16294316338380','260434635031330817','261069149919252481','unread','2021-08-20 11:53:53','2021-08-20 11:53:53'),('16294316341130','260434635031330817','261069149919252481','unread','2021-08-20 11:53:54','2021-08-20 11:53:54'),('16294443966030','260434635031330817','261069149919252481','unread','2021-08-20 15:26:36','2021-08-20 15:26:36'),('16294443976610','260434635031330817','261069149919252481','unread','2021-08-20 15:26:37','2021-08-20 15:26:37'),('16294443987330','260434635031330817','261069149919252481','unread','2021-08-20 15:26:38','2021-08-20 15:26:38'),('16294444861420','260434635031330817','261069149919252481','unread','2021-08-20 15:28:06','2021-08-20 15:28:06'),('16294444869480','260434635031330817','261069149919252481','unread','2021-08-20 15:28:06','2021-08-20 15:28:06'),('16294444897590','260434635031330817','261069149919252481','unread','2021-08-20 15:28:09','2021-08-20 15:28:09'),('16294444908700','260434635031330817','261069149919252481','unread','2021-08-20 15:28:10','2021-08-20 15:28:10'),('16294444923120','260434635031330817','261069149919252481','unread','2021-08-20 15:28:12','2021-08-20 15:28:12'),('16294444928850','260434635031330817','261069149919252481','unread','2021-08-20 15:28:12','2021-08-20 15:28:12'),('16294444939810','260434635031330817','261069149919252481','unread','2021-08-20 15:28:13','2021-08-20 15:28:13');
/*!40000 ALTER TABLE `message_index` ENABLE KEYS */;
UNLOCK TABLES;

--
-- Dumping routines for database 'im'
--
/*!40103 SET TIME_ZONE=@OLD_TIME_ZONE */;

/*!40101 SET SQL_MODE=@OLD_SQL_MODE */;
/*!40014 SET FOREIGN_KEY_CHECKS=@OLD_FOREIGN_KEY_CHECKS */;
/*!40014 SET UNIQUE_CHECKS=@OLD_UNIQUE_CHECKS */;
/*!40101 SET CHARACTER_SET_CLIENT=@OLD_CHARACTER_SET_CLIENT */;
/*!40101 SET CHARACTER_SET_RESULTS=@OLD_CHARACTER_SET_RESULTS */;
/*!40101 SET COLLATION_CONNECTION=@OLD_COLLATION_CONNECTION */;
/*!40111 SET SQL_NOTES=@OLD_SQL_NOTES */;

-- Dump completed on 2021-08-20 17:57:08
